{"cameraMode":{"drawMode":0,"name":"Shaded","section":"Shading Mode"},"sceneLighting":true,"audioPlay":false,"sceneViewState":{"showFog":true,"showMaterialUpdate":false,"showSkybox":true,"showFlares":true,"showImageEffects":true,"showParticleSystems":true},"in2DMode":false,"pivot":{"x":-22.81999969482422,"y":0.008334159851074219,"z":-8.418685913085938},"rotation":{"x":-0.16594341397285462,"y":-0.13476543128490449,"z":0.022903570905327798,"w":-0.9766148328781128},"size":4.041658401489258,"orthographic":false}