{"cameraMode":{"drawMode":0,"name":"Shaded","section":"Shading Mode"},"sceneLighting":false,"audioPlay":false,"sceneViewState":{"showFog":true,"showMaterialUpdate":false,"showSkybox":true,"showFlares":true,"showImageEffects":true,"showParticleSystems":true},"in2DMode":false,"pivot":{"x":0.0,"y":0.6873300075531006,"z":0.9342287182807922},"rotation":{"x":-0.08491436392068863,"y":-0.13498586416244508,"z":0.01161178108304739,"w":-0.9871340394020081},"size":5.787784099578857,"orthographic":false}