{"cameraMode":{"drawMode":0,"name":"Shaded","section":"Shading Mode"},"sceneLighting":true,"audioPlay":false,"sceneViewState":{"showFog":true,"showMaterialUpdate":false,"showSkybox":true,"showFlares":true,"showImageEffects":true,"showParticleSystems":true},"in2DMode":false,"pivot":{"x":-91.37999725341797,"y":2.7930994033813478,"z":-4.644846439361572},"rotation":{"x":0.0912383571267128,"y":-0.09780120849609375,"z":0.008999543264508248,"w":0.9909740090370178},"size":2.2416586875915529,"orthographic":false}