{"cameraMode":{"drawMode":0,"name":"Shaded","section":"Shading Mode"},"sceneLighting":false,"audioPlay":false,"sceneViewState":{"showFog":true,"showMaterialUpdate":false,"showSkybox":true,"showFlares":true,"showImageEffects":true,"showParticleSystems":true},"in2DMode":false,"pivot":{"x":-0.021799445152282716,"y":2.460510015487671,"z":-0.0395888090133667},"rotation":{"x":0.12360721081495285,"y":0.19137242436408997,"z":-0.024306541308760644,"w":0.9733997583389282},"size":9.574804306030274,"orthographic":false}