{"cameraMode":{"drawMode":0,"name":"Shaded","section":"Shading Mode"},"sceneLighting":true,"audioPlay":false,"sceneViewState":{"showFog":true,"showMaterialUpdate":false,"showSkybox":true,"showFlares":true,"showImageEffects":true,"showParticleSystems":true},"in2DMode":false,"pivot":{"x":-97.88845825195313,"y":-1.8895548582077027,"z":7.997774124145508},"rotation":{"x":0.011708609759807587,"y":-0.9834603071212769,"z":0.16710683703422547,"w":0.06887668371200562},"size":3.9183404445648195,"orthographic":false}